step,epoch,train_loss,val_loss,ppl,lr_muon,lr_adam,elapsed_s,best_val_loss,patience_counter
0,1,1.2856,n/a,485165195.41,1.00e-05,1.00e-06,114.8,n/a,0
10,1,1.2346,n/a,379187585.36,1.10e-04,1.10e-05,139.0,n/a,0
20,1,1.3497,n/a,485165195.41,2.10e-04,2.10e-05,163.1,n/a,0
30,1,1.3345,n/a,485165195.41,3.10e-04,3.10e-05,188.4,n/a,0
40,1,1.3919,n/a,485165195.41,4.10e-04,4.10e-05,213.8,n/a,0
50,1,1.3560,n/a,485165195.41,5.10e-04,5.10e-05,238.3,n/a,0
60,1,1.3107,n/a,485165195.41,6.10e-04,6.10e-05,263.3,n/a,0
70,1,1.3577,n/a,485165195.41,7.10e-04,7.10e-05,288.4,n/a,0
80,1,1.3111,n/a,485165195.41,8.10e-04,8.10e-05,313.9,n/a,0
90,1,1.0874,n/a,35980234.22,9.10e-04,9.10e-05,338.6,n/a,0
100,1,1.0840,1.1880,34073274.07,1.00e-03,1.00e-04,448.1,1.1880,0
110,1,1.1080,n/a,50010060.07,1.00e-03,1.00e-04,472.2,1.1880,0
120,1,1.2274,n/a,338193167.25,1.00e-03,1.00e-04,496.8,1.1880,0
130,1,1.0343,n/a,15374811.92,1.00e-03,1.00e-04,521.5,1.1880,0
140,1,1.1004,n/a,44284691.63,1.00e-03,1.00e-04,546.9,1.1880,0
150,1,1.2551,n/a,485165195.41,1.00e-03,1.00e-04,572.6,1.1880,0
160,1,1.1512,n/a,99915136.91,1.00e-03,1.00e-04,597.9,1.1880,0
170,1,1.1041,n/a,46991196.73,1.00e-03,1.00e-04,622.8,1.1880,0
180,1,1.0650,n/a,25130507.41,1.00e-03,1.00e-04,647.4,1.1880,0
190,1,1.0557,n/a,21662038.65,1.00e-03,1.00e-04,672.6,1.1880,0
200,1,1.1888,1.0277,182158384.86,1.00e-03,1.00e-04,770.9,1.0277,0
210,1,1.0281,n/a,13925197.47,1.00e-03,1.00e-04,798.9,1.0277,0
220,1,0.9639,n/a,4984669.02,1.00e-03,1.00e-04,824.0,1.0277,0
230,1,1.0531,n/a,20778757.87,9.99e-04,9.99e-05,849.9,1.0277,0
240,1,0.9463,n/a,3761820.76,9.99e-04,9.99e-05,875.8,1.0277,0
250,1,0.9297,n/a,2886176.98,9.99e-04,9.99e-05,900.9,1.0277,0
260,1,0.9743,n/a,5891900.42,9.99e-04,9.99e-05,925.1,1.0277,0
270,1,1.0534,n/a,20871633.89,9.99e-04,9.99e-05,950.9,1.0277,0
280,1,1.0411,n/a,17148012.91,9.99e-04,9.99e-05,976.6,1.0277,0
290,1,1.0164,n/a,11556141.88,9.99e-04,9.99e-05,1002.0,1.0277,0
300,1,1.0598,0.9514,23151796.79,9.99e-04,9.99e-05,1101.0,0.9514,0
310,1,0.8728,n/a,1160283.29,9.99e-04,9.99e-05,1126.4,0.9514,0
320,1,0.9322,n/a,3003787.44,9.98e-04,9.98e-05,1151.9,0.9514,0
330,1,0.8895,n/a,1516432.28,9.98e-04,9.98e-05,1176.8,0.9514,0
340,1,0.9587,n/a,4588148.45,9.98e-04,9.98e-05,1202.5,0.9514,0
350,1,0.9311,n/a,2950130.86,9.98e-04,9.98e-05,1227.3,0.9514,0
360,1,0.8992,n/a,1770637.13,9.98e-04,9.98e-05,1252.8,0.9514,0
370,1,0.9448,n/a,3675170.35,9.98e-04,9.98e-05,1278.6,0.9514,0
380,1,0.8138,n/a,451628.26,9.97e-04,9.97e-05,1304.1,0.9514,0
390,1,1.0037,n/a,9432408.07,9.97e-04,9.97e-05,1328.2,0.9514,0
400,1,0.8391,0.9029,676907.27,9.97e-04,9.97e-05,1427.2,0.9029,0
410,1,0.8601,n/a,947935.17,9.97e-04,9.97e-05,1454.2,0.9029,0
420,1,0.9933,n/a,7985779.22,9.97e-04,9.97e-05,1479.4,0.9029,0
430,1,0.8411,n/a,699661.34,9.97e-04,9.97e-05,1505.1,0.9029,0
440,1,0.9243,n/a,2645736.61,9.96e-04,9.96e-05,1529.8,0.9029,0
450,1,0.8902,n/a,1533517.47,9.96e-04,9.96e-05,1554.9,0.9029,0
460,1,0.8977,n/a,1728347.42,9.96e-04,9.96e-05,1580.3,0.9029,0
470,1,0.8744,n/a,1190322.28,9.96e-04,9.96e-05,1605.1,0.9029,0
480,1,0.8930,n/a,1604152.99,9.95e-04,9.95e-05,1630.1,0.9029,0
490,1,0.8090,n/a,417993.22,9.95e-04,9.95e-05,1655.5,0.9029,0
500,1,0.8581,0.8696,917783.20,9.95e-04,9.95e-05,1753.9,0.8696,0
510,1,0.8126,n/a,442772.96,9.95e-04,9.95e-05,1779.0,0.8696,0
520,1,0.8962,n/a,1687352.46,9.94e-04,9.94e-05,1804.1,0.8696,0
530,1,0.8626,n/a,985526.25,9.94e-04,9.94e-05,1829.9,0.8696,0
540,1,0.8609,n/a,959160.41,9.94e-04,9.94e-05,1855.1,0.8696,0
550,1,0.7923,n/a,320373.26,9.94e-04,9.94e-05,1880.7,0.8696,0
560,1,0.8271,n/a,559008.21,9.93e-04,9.93e-05,1905.8,0.8696,0
570,1,0.7899,n/a,308313.82,9.93e-04,9.93e-05,1930.8,0.8696,0
580,1,0.8110,n/a,432218.67,9.93e-04,9.93e-05,1955.9,0.8696,0
590,1,0.8893,n/a,1512687.37,9.92e-04,9.92e-05,1981.3,0.8696,0
600,1,0.7923,0.8449,320398.10,9.92e-04,9.92e-05,2080.4,0.8449,0
610,1,0.8563,n/a,891923.17,9.92e-04,9.92e-05,2107.2,0.8449,0
620,1,0.8531,n/a,846888.12,9.91e-04,9.91e-05,2132.5,0.8449,0
630,1,0.8608,n/a,958489.55,9.91e-04,9.91e-05,2158.2,0.8449,0
640,1,0.7754,n/a,244452.39,9.91e-04,9.91e-05,2183.8,0.8449,0
650,1,0.7290,n/a,116286.28,9.90e-04,9.90e-05,2209.5,0.8449,0
660,1,0.7819,n/a,271248.18,9.90e-04,9.90e-05,2235.7,0.8449,0
670,1,0.9482,n/a,3877890.04,9.90e-04,9.90e-05,2261.8,0.8449,0
680,1,0.7248,n/a,108760.79,9.89e-04,9.89e-05,2286.8,0.8449,0
690,1,0.9364,n/a,3213869.47,9.89e-04,9.89e-05,2311.6,0.8449,0
700,1,0.7821,0.8267,272222.20,9.89e-04,9.89e-05,2410.7,0.8267,0
710,1,0.8692,n/a,1096159.21,9.88e-04,9.88e-05,2435.4,0.8267,0
720,1,0.8336,n/a,620526.37,9.88e-04,9.88e-05,2461.0,0.8267,0
730,1,0.7434,n/a,146503.04,9.87e-04,9.87e-05,2486.3,0.8267,0
740,1,0.8922,n/a,1583395.44,9.87e-04,9.87e-05,2511.6,0.8267,0
750,1,0.7253,n/a,109692.75,9.87e-04,9.87e-05,2536.7,0.8267,0
760,1,0.6880,n/a,60373.10,9.86e-04,9.86e-05,2562.0,0.8267,0
770,1,0.8752,n/a,1206061.18,9.86e-04,9.86e-05,2587.4,0.8267,0
780,1,0.7210,n/a,102275.23,9.85e-04,9.85e-05,2613.2,0.8267,0
790,1,0.6773,n/a,50890.98,9.85e-04,9.85e-05,2638.2,0.8267,0
800,1,0.7962,0.8129,341110.77,9.84e-04,9.84e-05,2737.2,0.8129,0
810,1,0.7760,n/a,246705.03,9.84e-04,9.84e-05,2764.4,0.8129,0
820,1,0.7808,n/a,266272.53,9.84e-04,9.84e-05,2790.4,0.8129,0
830,1,0.8260,n/a,549440.45,9.83e-04,9.83e-05,2815.5,0.8129,0
840,1,0.8269,n/a,557397.01,9.83e-04,9.83e-05,2840.6,0.8129,0
850,1,0.8185,n/a,486748.75,9.82e-04,9.82e-05,2865.1,0.8129,0
860,1,0.8568,n/a,898099.97,9.82e-04,9.82e-05,2890.4,0.8129,0
870,1,0.8566,n/a,895551.45,9.81e-04,9.81e-05,2915.5,0.8129,0
880,1,0.7861,n/a,289782.63,9.81e-04,9.81e-05,2940.2,0.8129,0
890,1,0.8491,n/a,794801.31,9.80e-04,9.80e-05,2965.0,0.8129,0
900,1,0.7588,0.8017,187298.16,9.80e-04,9.80e-05,3064.1,0.8017,0
910,1,0.7246,n/a,108398.75,9.79e-04,9.79e-05,3089.2,0.8017,0
920,1,0.7507,n/a,164614.84,9.79e-04,9.79e-05,3114.0,0.8017,0
930,1,0.7492,n/a,160791.09,9.78e-04,9.78e-05,3139.5,0.8017,0
940,1,0.6995,n/a,72559.59,9.78e-04,9.78e-05,3164.3,0.8017,0
950,1,0.7500,n/a,162648.22,9.77e-04,9.77e-05,3190.2,0.8017,0
960,1,0.7596,n/a,189787.29,9.77e-04,9.77e-05,3215.6,0.8017,0
970,1,0.7607,n/a,193171.44,9.76e-04,9.76e-05,3240.9,0.8017,0
980,1,0.8422,n/a,711026.57,9.75e-04,9.75e-05,3266.8,0.8017,0
990,1,0.8522,n/a,834803.88,9.75e-04,9.75e-05,3292.5,0.8017,0
1000,1,0.7782,0.7927,255582.48,9.74e-04,9.74e-05,3391.4,0.7927,0
1010,1,0.7685,n/a,218910.07,9.74e-04,9.74e-05,4018.3,0.7927,0
1020,1,0.7783,n/a,256094.65,9.73e-04,9.73e-05,4043.6,0.7927,0
1030,1,0.8080,n/a,411854.57,9.73e-04,9.73e-05,4068.6,0.7927,0
1040,1,0.6936,n/a,66045.15,9.72e-04,9.72e-05,4093.7,0.7927,0
1050,1,0.7068,n/a,81545.00,9.71e-04,9.71e-05,4119.1,0.7927,0
1060,1,0.6965,n/a,69159.42,9.71e-04,9.71e-05,4144.4,0.7927,0
1070,1,0.7406,n/a,139961.39,9.70e-04,9.70e-05,4169.5,0.7927,0
1080,1,0.8101,n/a,426009.11,9.70e-04,9.70e-05,4194.6,0.7927,0
1090,1,0.9018,n/a,1847479.09,9.69e-04,9.69e-05,4219.7,0.7927,0
1100,1,0.7943,0.7851,330546.02,9.68e-04,9.68e-05,4317.8,0.7851,0
1110,1,0.9361,n/a,3196786.75,9.68e-04,9.68e-05,4342.2,0.7851,0
1120,1,0.7379,n/a,134119.57,9.67e-04,9.67e-05,4366.8,0.7851,0
1130,1,0.8685,n/a,1083650.16,9.66e-04,9.66e-05,4391.8,0.7851,0
1140,1,0.6842,n/a,56808.86,9.66e-04,9.66e-05,4416.6,0.7851,0
1150,1,0.7581,n/a,185221.03,9.65e-04,9.65e-05,4442.0,0.7851,0
1160,1,0.6532,n/a,34564.62,9.65e-04,9.65e-05,4467.3,0.7851,0
1170,1,0.7675,n/a,215359.44,9.64e-04,9.64e-05,4492.7,0.7851,0
1180,1,0.7530,n/a,170758.77,9.63e-04,9.63e-05,4517.1,0.7851,0
1190,1,0.6952,n/a,67676.79,9.63e-04,9.63e-05,4542.1,0.7851,0
1200,1,0.7587,0.7786,186970.93,9.62e-04,9.62e-05,4640.2,0.7786,0
1210,1,0.8606,n/a,955657.10,9.61e-04,9.61e-05,4667.9,0.7786,0
1220,1,0.6612,n/a,39278.61,9.60e-04,9.60e-05,4693.2,0.7786,0
1230,1,0.8146,n/a,457314.08,9.60e-04,9.60e-05,4718.1,0.7786,0
1240,1,0.9271,n/a,2767931.04,9.59e-04,9.59e-05,4743.4,0.7786,0
1250,1,0.6871,n/a,59502.04,9.58e-04,9.58e-05,4769.4,0.7786,0
1260,1,0.6806,n/a,53645.56,9.58e-04,9.58e-05,4794.5,0.7786,0
1270,1,0.7776,n/a,253015.13,9.57e-04,9.57e-05,4819.8,0.7786,0
1280,1,0.7895,n/a,306388.70,9.56e-04,9.56e-05,4845.2,0.7786,0
1290,1,0.8640,n/a,1008078.98,9.55e-04,9.55e-05,4870.8,0.7786,0
1300,1,0.7521,0.7728,168182.92,9.55e-04,9.55e-05,4969.7,0.7728,0
1310,1,0.7423,n/a,143940.66,9.54e-04,9.54e-05,4994.6,0.7728,0
1320,1,0.7894,n/a,305836.83,9.53e-04,9.53e-05,5020.0,0.7728,0
1330,1,0.7906,n/a,311621.71,9.52e-04,9.52e-05,5045.3,0.7728,0
1340,1,0.8480,n/a,780611.34,9.52e-04,9.52e-05,5070.8,0.7728,0
1350,1,0.7621,n/a,197679.01,9.51e-04,9.51e-05,5095.8,0.7728,0
1360,1,0.6646,n/a,41502.98,9.50e-04,9.50e-05,5120.2,0.7728,0
1370,1,0.6818,n/a,54644.02,9.49e-04,9.49e-05,5145.7,0.7728,0
1380,1,0.8243,n/a,534761.59,9.49e-04,9.49e-05,5171.2,0.7728,0
1390,1,0.7501,n/a,163063.54,9.48e-04,9.48e-05,5195.6,0.7728,0
1400,1,0.6883,0.7676,60670.23,9.47e-04,9.47e-05,5295.2,0.7676,0
1410,1,0.6655,n/a,42123.14,9.46e-04,9.46e-05,5322.0,0.7676,0
1420,1,0.7546,n/a,175231.09,9.45e-04,9.45e-05,5347.2,0.7676,0
1430,1,0.7057,n/a,80114.00,9.45e-04,9.45e-05,5372.2,0.7676,0
1440,1,0.7492,n/a,160576.71,9.44e-04,9.44e-05,5397.1,0.7676,0
1450,1,0.8629,n/a,990153.25,9.43e-04,9.43e-05,5422.1,0.7676,0
1460,1,0.7610,n/a,194162.57,9.42e-04,9.42e-05,5446.9,0.7676,0
1470,1,0.7995,n/a,359203.90,9.41e-04,9.41e-05,5472.4,0.7676,0
1480,1,0.8111,n/a,432729.68,9.40e-04,9.40e-05,5498.3,0.7676,0
1490,1,0.6251,n/a,22058.61,9.40e-04,9.40e-05,5524.0,0.7676,0
1500,1,0.7281,0.7631,114729.37,9.39e-04,9.39e-05,5623.1,0.7631,0
1510,1,0.7784,n/a,256329.64,9.38e-04,9.38e-05,5648.6,0.7631,0
1520,1,0.6553,n/a,35790.59,9.37e-04,9.37e-05,5674.2,0.7631,0
1530,1,0.6040,n/a,15728.26,9.36e-04,9.36e-05,5699.4,0.7631,0
1540,1,0.8507,n/a,814683.20,9.35e-04,9.35e-05,5724.2,0.7631,0
1550,1,0.7897,n/a,307374.82,9.34e-04,9.34e-05,5748.8,0.7631,0
1560,1,0.6290,n/a,23496.69,9.33e-04,9.33e-05,5774.4,0.7631,0
1570,1,0.7272,n/a,112922.91,9.33e-04,9.33e-05,5800.1,0.7631,0
1580,1,0.6786,n/a,51909.89,9.32e-04,9.32e-05,5826.2,0.7631,0
1590,1,0.6784,n/a,51791.40,9.31e-04,9.31e-05,5851.9,0.7631,0
1600,1,0.8364,0.7592,648189.29,9.30e-04,9.30e-05,5952.1,0.7592,0
1610,1,0.6426,n/a,29180.25,9.29e-04,9.29e-05,5979.9,0.7592,0
1620,1,0.7834,n/a,277763.99,9.28e-04,9.28e-05,6005.8,0.7592,0
1630,1,0.7375,n/a,133195.46,9.27e-04,9.27e-05,6031.1,0.7592,0
1640,1,0.6493,n/a,32494.94,9.26e-04,9.26e-05,6056.4,0.7592,0
1650,1,0.7754,n/a,244454.00,9.25e-04,9.25e-05,6081.5,0.7592,0
1660,1,0.7424,n/a,144190.88,9.24e-04,9.24e-05,6107.6,0.7592,0
1670,1,0.7954,n/a,336557.42,9.23e-04,9.23e-05,6132.9,0.7592,0
1680,1,0.7797,n/a,261616.84,9.22e-04,9.22e-05,6158.1,0.7592,0
1690,1,0.7595,n/a,189617.55,9.21e-04,9.21e-05,6183.2,0.7592,0
1700,1,0.7096,0.7557,85320.83,9.21e-04,9.21e-05,6282.5,0.7557,0
1710,1,0.7392,n/a,137015.97,9.20e-04,9.20e-05,6308.4,0.7557,0
1720,1,0.7865,n/a,291737.69,9.19e-04,9.19e-05,6333.3,0.7557,0
1730,1,0.7120,n/a,88638.31,9.18e-04,9.18e-05,6358.8,0.7557,0
1740,1,0.6672,n/a,43299.27,9.17e-04,9.17e-05,6383.6,0.7557,0
1750,1,0.7632,n/a,200987.02,9.16e-04,9.16e-05,6408.8,0.7557,0
1760,1,0.7787,n/a,257420.73,9.15e-04,9.15e-05,6433.9,0.7557,0
1770,1,0.7137,n/a,90984.01,9.14e-04,9.14e-05,6459.7,0.7557,0
1780,1,0.6812,n/a,54129.07,9.13e-04,9.13e-05,6484.7,0.7557,0
1790,1,0.6147,n/a,18680.03,9.12e-04,9.12e-05,6510.0,0.7557,0
1800,1,0.7760,0.7526,246670.07,9.11e-04,9.11e-05,6608.7,0.7526,0
1810,1,0.7850,n/a,284769.26,9.10e-04,9.10e-05,6635.8,0.7526,0
1820,1,0.7670,n/a,213701.63,9.09e-04,9.09e-05,6660.3,0.7526,0
1830,1,0.7507,n/a,164717.16,9.08e-04,9.08e-05,6686.5,0.7526,0
1840,1,0.6891,n/a,61398.46,9.07e-04,9.07e-05,6712.1,0.7526,0
1850,1,0.6682,n/a,43970.09,9.05e-04,9.05e-05,6738.1,0.7526,0
1860,1,0.7632,n/a,201143.82,9.04e-04,9.04e-05,6763.1,0.7526,0
1870,1,0.7449,n/a,149923.95,9.03e-04,9.03e-05,6788.9,0.7526,0
1880,1,0.7235,n/a,106558.80,9.02e-04,9.02e-05,6814.4,0.7526,0
1890,1,0.6656,n/a,42208.02,9.01e-04,9.01e-05,6840.0,0.7526,0
1900,1,0.8713,0.7497,1133801.95,9.00e-04,9.00e-05,6939.3,0.7497,0
1910,1,0.6354,n/a,26009.69,8.99e-04,8.99e-05,6963.4,0.7497,0
1920,1,0.7747,n/a,241638.49,8.98e-04,8.98e-05,6989.1,0.7497,0
1930,1,0.6512,n/a,33515.26,8.97e-04,8.97e-05,7013.9,0.7497,0
1940,1,0.6407,n/a,28329.84,8.96e-04,8.96e-05,7038.9,0.7497,0
1950,1,0.6644,n/a,41375.69,8.95e-04,8.95e-05,7065.0,0.7497,0
1960,1,0.6815,n/a,54387.30,8.94e-04,8.94e-05,7091.0,0.7497,0
1970,1,0.7093,n/a,84883.70,8.93e-04,8.93e-05,7116.5,0.7497,0
1980,1,0.7315,n/a,121007.86,8.92e-04,8.92e-05,7141.3,0.7497,0
1990,1,0.7077,n/a,82783.15,8.90e-04,8.90e-05,7166.5,0.7497,0
2000,1,0.6874,0.7473,59734.39,8.89e-04,8.89e-05,7264.6,0.7473,0
2010,1,0.8098,n/a,423691.59,8.88e-04,8.88e-05,7892.0,0.7473,0
2020,1,0.7192,n/a,99452.44,8.87e-04,8.87e-05,7916.6,0.7473,0
2030,1,0.6688,n/a,44385.01,8.86e-04,8.86e-05,7941.6,0.7473,0
2040,1,0.7922,n/a,319571.61,8.85e-04,8.85e-05,7966.1,0.7473,0
2050,1,0.6013,n/a,15084.23,8.84e-04,8.84e-05,7992.0,0.7473,0
2060,1,0.8386,n/a,671793.30,8.83e-04,8.83e-05,8016.5,0.7473,0
2070,1,0.9007,n/a,1813530.86,8.81e-04,8.81e-05,8042.0,0.7473,0
2080,1,0.7559,n/a,178989.48,8.80e-04,8.80e-05,8066.7,0.7473,0
2090,1,0.6267,n/a,22635.82,8.79e-04,8.79e-05,8091.6,0.7473,0
2100,1,0.7840,0.7451,280600.52,8.78e-04,8.78e-05,8189.1,0.7451,0
2110,1,0.6918,n/a,64106.00,8.77e-04,8.77e-05,8214.5,0.7451,0
2120,1,0.6577,n/a,37138.99,8.76e-04,8.76e-05,8239.5,0.7451,0
2130,1,0.7284,n/a,115105.31,8.74e-04,8.74e-05,8264.3,0.7451,0
2140,1,0.8366,n/a,650521.06,8.73e-04,8.73e-05,8289.6,0.7451,0
2150,1,0.6496,n/a,32631.95,8.72e-04,8.72e-05,8314.6,0.7451,0
2160,1,0.7420,n/a,143101.86,8.71e-04,8.71e-05,8340.0,0.7451,0
2170,1,0.6757,n/a,49542.16,8.70e-04,8.70e-05,8365.1,0.7451,0
2180,1,0.8109,n/a,431014.95,8.68e-04,8.68e-05,8390.1,0.7451,0
2190,1,0.6375,n/a,26906.64,8.67e-04,8.67e-05,8415.5,0.7451,0
2200,1,0.6994,0.7431,72472.41,8.66e-04,8.66e-05,8515.1,0.7431,0
2210,1,0.8015,n/a,370735.26,8.65e-04,8.65e-05,8542.5,0.7431,0
2220,1,0.5907,n/a,12714.66,8.64e-04,8.64e-05,8567.4,0.7431,0
2230,1,0.7066,n/a,81305.58,8.62e-04,8.62e-05,8592.4,0.7431,0
2240,1,0.7175,n/a,96746.07,8.61e-04,8.61e-05,8617.4,0.7431,0
2250,1,0.8055,n/a,395596.61,8.60e-04,8.60e-05,8642.6,0.7431,0
2260,1,0.7935,n/a,326489.09,8.59e-04,8.59e-05,8667.7,0.7431,0
2270,1,0.7049,n/a,79032.72,8.58e-04,8.58e-05,8692.4,0.7431,0
2280,1,0.8251,n/a,541115.06,8.56e-04,8.56e-05,8718.4,0.7431,0
2290,1,0.7494,n/a,161149.33,8.55e-04,8.55e-05,8744.1,0.7431,0
2300,1,0.7699,0.7412,223823.84,8.54e-04,8.54e-05,8843.6,0.7412,0
2310,1,0.6700,n/a,45281.05,8.53e-04,8.53e-05,8869.6,0.7412,0
2320,1,0.7513,n/a,166075.61,8.51e-04,8.51e-05,8895.8,0.7412,0
2330,1,0.8854,n/a,1420776.91,8.50e-04,8.50e-05,8921.3,0.7412,0
2340,1,0.7345,n/a,126998.49,8.49e-04,8.49e-05,8947.5,0.7412,0
2350,1,0.6793,n/a,52510.30,8.47e-04,8.47e-05,8973.3,0.7412,0
2360,1,0.7698,n/a,223427.94,8.46e-04,8.46e-05,8999.0,0.7412,0
2370,1,0.6951,n/a,67582.05,8.45e-04,8.45e-05,9023.9,0.7412,0
2380,1,0.7103,n/a,86251.62,8.44e-04,8.44e-05,9049.1,0.7412,0
2390,1,0.7143,n/a,91945.57,8.42e-04,8.42e-05,9074.1,0.7412,0
2400,1,0.6978,0.7396,70560.48,8.41e-04,8.41e-05,9173.8,0.7396,0
2410,1,0.5714,n/a,9345.51,8.40e-04,8.40e-05,9200.5,0.7396,0
2420,1,0.7615,n/a,195697.10,8.38e-04,8.38e-05,9226.5,0.7396,0
2430,1,0.6559,n/a,36096.32,8.37e-04,8.37e-05,9251.1,0.7396,0
2440,1,0.9195,n/a,2450917.45,8.36e-04,8.36e-05,9276.5,0.7396,0
2450,1,0.7326,n/a,123152.66,8.35e-04,8.35e-05,9301.2,0.7396,0
2460,1,0.5922,n/a,13025.04,8.33e-04,8.33e-05,9326.1,0.7396,0
2470,1,0.6668,n/a,43000.10,8.32e-04,8.32e-05,9350.9,0.7396,0
2480,1,0.7864,n/a,291569.90,8.31e-04,8.31e-05,9376.7,0.7396,0
2490,1,0.7947,n/a,332714.18,8.29e-04,8.29e-05,9402.3,0.7396,0
2500,1,0.6729,0.7381,47365.96,8.28e-04,8.28e-05,9501.4,0.7381,0
2510,1,0.7702,n/a,224770.18,8.27e-04,8.27e-05,9526.0,0.7381,0
2520,1,0.7235,n/a,106508.91,8.25e-04,8.25e-05,9551.2,0.7381,0
2530,1,0.9024,n/a,1862969.76,8.24e-04,8.24e-05,9576.6,0.7381,0
2540,1,1.0081,n/a,10118098.32,8.23e-04,8.23e-05,9602.3,0.7381,0
2550,1,0.5961,n/a,13874.31,8.21e-04,8.21e-05,9627.4,0.7381,0
2560,1,0.7001,n/a,73191.65,8.20e-04,8.20e-05,9651.6,0.7381,0
2570,1,0.7095,n/a,85144.68,8.18e-04,8.18e-05,9677.3,0.7381,0
2580,1,0.6459,n/a,30797.24,8.17e-04,8.17e-05,9703.6,0.7381,0
2590,1,0.8266,n/a,554539.07,8.16e-04,8.16e-05,9729.0,0.7381,0
2600,1,0.8212,0.7367,508866.13,8.14e-04,8.14e-05,9827.8,0.7367,0
2610,1,0.7409,n/a,140654.03,8.13e-04,8.13e-05,9855.0,0.7367,0
2620,1,0.6467,n/a,31189.59,8.12e-04,8.12e-05,9880.5,0.7367,0
2630,1,0.8089,n/a,417677.28,8.10e-04,8.10e-05,9906.0,0.7367,0
2640,1,0.5395,n/a,5604.36,8.09e-04,8.09e-05,9931.2,0.7367,0
2650,1,0.6985,n/a,71446.87,8.07e-04,8.07e-05,9956.3,0.7367,0
2660,1,0.8790,n/a,1281978.29,8.06e-04,8.06e-05,9981.5,0.7367,0
2670,1,0.5660,n/a,8565.62,8.05e-04,8.05e-05,10006.7,0.7367,0
2680,1,0.7374,n/a,133002.51,8.03e-04,8.03e-05,10032.3,0.7367,0
2690,1,0.7101,n/a,85941.21,8.02e-04,8.02e-05,10057.3,0.7367,0
2700,1,0.7252,0.7355,109448.77,8.00e-04,8.00e-05,10155.7,0.7355,0
2710,1,0.8308,n/a,592753.67,7.99e-04,7.99e-05,10180.7,0.7355,0
2720,1,0.6566,n/a,36490.98,7.98e-04,7.98e-05,10206.4,0.7355,0
2730,1,0.7036,n/a,77406.38,7.96e-04,7.96e-05,10231.6,0.7355,0
2740,1,0.6940,n/a,66487.69,7.95e-04,7.95e-05,10256.5,0.7355,0
2750,1,0.6960,n/a,68562.29,7.93e-04,7.93e-05,10281.9,0.7355,0
2760,1,0.7098,n/a,85602.72,7.92e-04,7.92e-05,10306.9,0.7355,0
2770,1,0.8184,n/a,486144.23,7.90e-04,7.90e-05,10332.6,0.7355,0
2780,1,0.8067,n/a,402990.17,7.89e-04,7.89e-05,10357.6,0.7355,0
2790,1,0.6877,n/a,60067.98,7.88e-04,7.88e-05,10382.9,0.7355,0
2800,1,0.6797,0.7344,52863.26,7.86e-04,7.86e-05,10482.4,0.7344,0
2810,2,0.6444,n/a,30064.28,7.85e-04,7.85e-05,10622.4,0.7343,0
2820,2,0.7687,n/a,219604.66,7.83e-04,7.83e-05,10648.4,0.7343,0
2830,2,0.7897,n/a,307248.26,7.82e-04,7.82e-05,10673.5,0.7343,0
2840,2,0.6290,n/a,23486.52,7.80e-04,7.80e-05,10698.1,0.7343,0
2850,2,0.6309,n/a,24219.24,7.79e-04,7.79e-05,10723.7,0.7343,0
2860,2,0.7371,n/a,132356.39,7.77e-04,7.77e-05,10748.6,0.7343,0
2870,2,0.8559,n/a,885412.23,7.76e-04,7.76e-05,10774.6,0.7343,0
2880,2,0.7443,n/a,148509.05,7.75e-04,7.75e-05,10799.4,0.7343,0
2890,2,0.7591,n/a,188394.31,7.73e-04,7.73e-05,10825.0,0.7343,0
2900,2,0.6082,0.7334,16828.84,7.72e-04,7.72e-05,10923.8,0.7334,0
2910,2,0.7132,n/a,90307.00,7.70e-04,7.70e-05,10948.7,0.7334,0
2920,2,0.6827,n/a,55415.29,7.69e-04,7.69e-05,10974.5,0.7334,0
2930,2,0.6996,n/a,72611.96,7.67e-04,7.67e-05,11000.8,0.7334,0
2940,2,0.7424,n/a,144171.04,7.66e-04,7.66e-05,11026.4,0.7334,0
2950,2,0.6426,n/a,29182.24,7.64e-04,7.64e-05,11051.7,0.7334,0
2960,2,0.6127,n/a,18086.75,7.63e-04,7.63e-05,11077.0,0.7334,0
2970,2,0.6024,n/a,15347.26,7.61e-04,7.61e-05,11102.7,0.7334,0
2980,2,0.6627,n/a,40274.22,7.60e-04,7.60e-05,11128.1,0.7334,0
2990,2,0.5951,n/a,13648.28,7.58e-04,7.58e-05,11153.4,0.7334,0
3000,2,0.7349,0.7326,127853.47,7.57e-04,7.57e-05,11252.5,0.7326,0
3010,2,0.7235,n/a,106495.14,7.55e-04,7.55e-05,11880.4,0.7326,0
3020,2,0.7223,n/a,104503.23,7.54e-04,7.54e-05,11904.3,0.7326,0
3030,2,0.7196,n/a,99994.37,7.52e-04,7.52e-05,11929.7,0.7326,0
3040,2,0.7724,n/a,232925.27,7.51e-04,7.51e-05,11955.4,0.7326,0
3050,2,0.8569,n/a,900801.77,7.49e-04,7.49e-05,11980.0,0.7326,0
3060,2,0.6766,n/a,50297.25,7.48e-04,7.48e-05,12004.8,0.7326,0
3070,2,0.6553,n/a,35759.79,7.46e-04,7.46e-05,12029.9,0.7326,0
3080,2,0.7253,n/a,109647.07,7.44e-04,7.44e-05,12054.8,0.7326,0
3090,2,0.7726,n/a,233645.29,7.43e-04,7.43e-05,12079.4,0.7326,0
3100,2,0.7877,0.7318,297688.10,7.41e-04,7.41e-05,12177.4,0.7318,0
3110,2,0.8667,n/a,1053006.22,7.40e-04,7.40e-05,12203.0,0.7318,0
3120,2,0.6552,n/a,35688.60,7.38e-04,7.38e-05,12227.7,0.7318,0
3130,2,0.7481,n/a,157762.10,7.37e-04,7.37e-05,12253.6,0.7318,0
3140,2,0.7480,n/a,157635.76,7.35e-04,7.35e-05,12279.1,0.7318,0
3150,2,0.7586,n/a,186832.63,7.34e-04,7.34e-05,12304.3,0.7318,0
3160,2,0.7778,n/a,253914.73,7.32e-04,7.32e-05,12328.9,0.7318,0
3170,2,0.6791,n/a,52375.62,7.31e-04,7.31e-05,12353.8,0.7318,0
3180,2,0.7632,n/a,201062.23,7.29e-04,7.29e-05,12379.7,0.7318,0
3190,2,0.7764,n/a,248369.80,7.27e-04,7.27e-05,12405.2,0.7318,0
3200,2,0.7088,0.7311,84214.60,7.26e-04,7.26e-05,12504.0,0.7311,0
3210,2,0.7652,n/a,207451.63,7.24e-04,7.24e-05,12531.2,0.7311,0
3220,2,0.7323,n/a,122616.96,7.23e-04,7.23e-05,12556.4,0.7311,0
3230,2,0.7203,n/a,101240.48,7.21e-04,7.21e-05,12581.8,0.7311,0
3240,2,0.8151,n/a,461042.49,7.20e-04,7.20e-05,12606.5,0.7311,0
3250,2,0.8060,n/a,398718.04,7.18e-04,7.18e-05,12631.5,0.7311,0
3260,2,0.6023,n/a,15310.02,7.17e-04,7.17e-05,12656.8,0.7311,0
3270,2,0.7408,n/a,140367.03,7.15e-04,7.15e-05,12681.8,0.7311,0
3280,2,0.5620,n/a,8040.02,7.13e-04,7.13e-05,12706.5,0.7311,0
3290,2,0.6138,n/a,18420.29,7.12e-04,7.12e-05,12732.5,0.7311,0
3300,2,0.6364,0.7304,26450.10,7.10e-04,7.10e-05,12831.2,0.7304,0
3310,2,0.8958,n/a,1677874.53,7.09e-04,7.09e-05,12855.9,0.7304,0
3320,2,0.7165,n/a,95166.66,7.07e-04,7.07e-05,12881.6,0.7304,0
3330,2,0.6521,n/a,33968.16,7.05e-04,7.05e-05,12906.5,0.7304,0
3340,2,0.7346,n/a,127166.25,7.04e-04,7.04e-05,12931.2,0.7304,0
3350,2,0.6684,n/a,44077.92,7.02e-04,7.02e-05,12955.5,0.7304,0
3360,2,0.7507,n/a,164698.61,7.01e-04,7.01e-05,12980.6,0.7304,0
3370,2,0.6615,n/a,39511.47,6.99e-04,6.99e-05,13005.3,0.7304,0
3380,2,0.8317,n/a,601777.97,6.97e-04,6.97e-05,13030.5,0.7304,0
3390,2,0.6160,n/a,19082.37,6.96e-04,6.96e-05,13056.1,0.7304,0
3400,2,0.6314,0.7299,24382.75,6.94e-04,6.94e-05,13155.4,0.7299,0
3410,2,0.7109,n/a,87050.45,6.93e-04,6.93e-05,13182.6,0.7299,0
3420,2,0.7237,n/a,106783.42,6.91e-04,6.91e-05,13207.6,0.7299,0
3430,2,0.6824,n/a,55142.14,6.89e-04,6.89e-05,13233.5,0.7299,0
3440,2,0.7072,n/a,82120.81,6.88e-04,6.88e-05,13258.1,0.7299,0
3450,2,0.7164,n/a,95044.91,6.86e-04,6.86e-05,13283.4,0.7299,0
3460,2,0.5425,n/a,5880.48,6.85e-04,6.85e-05,13308.9,0.7299,0
3470,2,0.7946,n/a,332408.84,6.83e-04,6.83e-05,13335.1,0.7299,0
3480,2,0.7613,n/a,194969.79,6.81e-04,6.81e-05,13360.6,0.7299,0
3490,2,0.7825,n/a,273846.79,6.80e-04,6.80e-05,13385.5,0.7299,0
3500,2,0.7527,0.7293,169834.55,6.78e-04,6.78e-05,13484.6,0.7293,0
3510,2,0.5924,n/a,13073.40,6.76e-04,6.76e-05,13509.6,0.7293,0
3520,2,0.8124,n/a,441442.35,6.75e-04,6.75e-05,13535.0,0.7293,0
3530,2,0.7220,n/a,104015.05,6.73e-04,6.73e-05,13561.3,0.7293,0
3540,2,0.6320,n/a,24625.52,6.72e-04,6.72e-05,13586.9,0.7293,0
3550,2,0.7555,n/a,177629.65,6.70e-04,6.70e-05,13612.1,0.7293,0
3560,2,0.6926,n/a,64915.20,6.68e-04,6.68e-05,13637.3,0.7293,0
3570,2,0.7689,n/a,220126.66,6.67e-04,6.67e-05,13663.0,0.7293,0
3580,2,0.7606,n/a,192852.16,6.65e-04,6.65e-05,13688.7,0.7293,0
3590,2,0.6736,n/a,47925.41,6.63e-04,6.63e-05,13715.0,0.7293,0
3600,2,0.7609,0.7289,193649.84,6.62e-04,6.62e-05,13813.7,0.7289,0
3610,2,0.6750,n/a,49019.83,6.60e-04,6.60e-05,13840.8,0.7289,0
3620,2,0.6258,n/a,22317.83,6.58e-04,6.58e-05,13866.4,0.7289,0
3630,2,0.6205,n/a,20496.85,6.57e-04,6.57e-05,13891.3,0.7289,0
3640,2,0.6102,n/a,17387.70,6.55e-04,6.55e-05,13917.1,0.7289,0
3650,2,0.6159,n/a,19028.31,6.53e-04,6.53e-05,13941.7,0.7289,0
3660,2,0.7542,n/a,173994.43,6.52e-04,6.52e-05,13966.5,0.7289,0
3670,2,0.5314,n/a,4925.37,6.50e-04,6.50e-05,13991.7,0.7289,0
3680,2,0.6095,n/a,17195.17,6.48e-04,6.48e-05,14016.8,0.7289,0
3690,2,0.6912,n/a,63499.72,6.47e-04,6.47e-05,14042.4,0.7289,0
3700,2,0.7573,0.7285,182825.15,6.45e-04,6.45e-05,14140.5,0.7285,0
3710,2,0.7011,n/a,74461.31,6.44e-04,6.44e-05,14165.5,0.7285,0
3720,2,0.7377,n/a,133655.23,6.42e-04,6.42e-05,14190.4,0.7285,0
3730,2,0.7563,n/a,180131.26,6.40e-04,6.40e-05,14215.2,0.7285,0
3740,2,0.6203,n/a,20436.59,6.39e-04,6.39e-05,14240.4,0.7285,0
3750,2,0.7532,n/a,171247.19,6.37e-04,6.37e-05,14266.1,0.7285,0
3760,2,0.6645,n/a,41465.01,6.35e-04,6.35e-05,14292.2,0.7285,0
3770,2,0.6725,n/a,47072.17,6.34e-04,6.34e-05,14317.2,0.7285,0
3780,2,0.7710,n/a,227616.57,6.32e-04,6.32e-05,14342.2,0.7285,0
3790,2,0.7081,n/a,83302.19,6.30e-04,6.30e-05,14367.6,0.7285,0
3800,2,0.6469,0.7281,31279.38,6.29e-04,6.29e-05,14465.3,0.7281,0
3810,2,0.7986,n/a,354377.06,6.27e-04,6.27e-05,14491.8,0.7281,0
3820,2,0.7286,n/a,115646.91,6.25e-04,6.25e-05,14516.9,0.7281,0
3830,2,0.6196,n/a,20213.48,6.23e-04,6.23e-05,14542.2,0.7281,0
3840,2,0.6953,n/a,67847.33,6.22e-04,6.22e-05,14568.0,0.7281,0
3850,2,0.7205,n/a,101490.05,6.20e-04,6.20e-05,14594.0,0.7281,0
3860,2,0.7890,n/a,303689.73,6.18e-04,6.18e-05,14619.4,0.7281,0
3870,2,0.7140,n/a,91504.07,6.17e-04,6.17e-05,14644.2,0.7281,0
3880,2,0.7716,n/a,229932.57,6.15e-04,6.15e-05,14670.0,0.7281,0
3890,2,0.6812,n/a,54128.20,6.13e-04,6.13e-05,14695.2,0.7281,0
3900,2,0.6445,0.7278,30098.84,6.12e-04,6.12e-05,14794.0,0.7278,0
3910,2,0.6650,n/a,41767.39,6.10e-04,6.10e-05,14819.4,0.7278,0
3920,2,0.8137,n/a,450651.29,6.08e-04,6.08e-05,14846.1,0.7278,0
3930,2,0.6587,n/a,37756.05,6.07e-04,6.07e-05,14871.4,0.7278,0
3940,2,0.6260,n/a,22368.43,6.05e-04,6.05e-05,14897.1,0.7278,0
3950,2,0.6432,n/a,29485.76,6.03e-04,6.03e-05,14922.6,0.7278,0
3960,2,0.7307,n/a,119525.45,6.02e-04,6.02e-05,14947.8,0.7278,0
3970,2,0.6923,n/a,64636.47,6.00e-04,6.00e-05,14972.6,0.7278,0
3980,2,0.7796,n/a,261394.18,5.98e-04,5.98e-05,14997.6,0.7278,0
3990,2,0.5865,n/a,11897.68,5.97e-04,5.97e-05,15022.8,0.7278,0
4000,2,0.7098,0.7275,85570.34,5.95e-04,5.95e-05,15122.3,0.7275,0
4010,2,0.6798,n/a,52953.43,5.93e-04,5.93e-05,15749.6,0.7275,0
4020,2,0.7077,n/a,82729.21,5.92e-04,5.92e-05,15774.6,0.7275,0
4030,2,0.6083,n/a,16870.40,5.90e-04,5.90e-05,15799.4,0.7275,0
4040,2,0.6934,n/a,65812.54,5.88e-04,5.88e-05,15823.9,0.7275,0
4050,2,0.5567,n/a,7389.98,5.86e-04,5.86e-05,15849.3,0.7275,0
4060,2,0.7521,n/a,168194.40,5.85e-04,5.85e-05,15873.9,0.7275,0
4070,2,0.6345,n/a,25659.63,5.83e-04,5.83e-05,15898.5,0.7275,0
4080,2,0.6366,n/a,26502.53,5.81e-04,5.81e-05,15923.5,0.7275,0
4090,2,0.8837,n/a,1382657.79,5.80e-04,5.80e-05,15948.3,0.7275,0
4100,2,0.6492,0.7273,32466.71,5.78e-04,5.78e-05,16046.3,0.7273,0
4110,2,0.7372,n/a,132601.99,5.76e-04,5.76e-05,16071.5,0.7273,0
4120,2,0.6269,n/a,22723.34,5.75e-04,5.75e-05,16096.9,0.7273,0
4130,2,0.7454,n/a,151321.35,5.73e-04,5.73e-05,16121.5,0.7273,0
4140,2,0.6984,n/a,71230.49,5.71e-04,5.71e-05,16147.0,0.7273,0
4150,2,0.7526,n/a,169559.37,5.70e-04,5.70e-05,16172.6,0.7273,0
4160,2,0.7058,n/a,80210.65,5.68e-04,5.68e-05,16197.9,0.7273,0
4170,2,0.7408,n/a,140376.25,5.66e-04,5.66e-05,16223.0,0.7273,0
4180,2,0.6436,n/a,29642.94,5.64e-04,5.64e-05,16248.2,0.7273,0
4190,2,0.6518,n/a,33836.18,5.63e-04,5.63e-05,16272.8,0.7273,0
4200,2,0.7270,0.7271,112668.07,5.61e-04,5.61e-05,16371.4,0.7271,0
4210,2,0.8342,n/a,625894.40,5.59e-04,5.59e-05,16399.1,0.7271,0
4220,2,0.7387,n/a,135743.48,5.58e-04,5.58e-05,16423.8,0.7271,0
4230,2,0.6679,n/a,43762.78,5.56e-04,5.56e-05,16449.3,0.7271,0
4240,2,0.7844,n/a,282120.84,5.54e-04,5.54e-05,16475.3,0.7271,0
4250,2,0.7643,n/a,204449.75,5.53e-04,5.53e-05,16500.6,0.7271,0
4260,2,0.6665,n/a,42772.00,5.51e-04,5.51e-05,16525.5,0.7271,0
4270,2,0.8552,n/a,876006.23,5.49e-04,5.49e-05,16551.6,0.7271,0
4280,2,0.7195,n/a,99939.89,5.47e-04,5.47e-05,16576.5,0.7271,0
4290,2,0.7494,n/a,161174.97,5.46e-04,5.46e-05,16601.5,0.7271,0
4300,2,0.6818,0.7268,54620.17,5.44e-04,5.44e-05,16700.9,0.7268,0
4310,2,0.7411,n/a,141183.85,5.42e-04,5.42e-05,16725.6,0.7268,0
4320,2,0.7334,n/a,124809.64,5.41e-04,5.41e-05,16751.2,0.7268,0
4330,2,0.6790,n/a,52265.83,5.39e-04,5.39e-05,16775.2,0.7268,0
4340,2,0.6811,n/a,54059.10,5.37e-04,5.37e-05,16800.6,0.7268,0
4350,2,0.6816,n/a,54505.45,5.36e-04,5.36e-05,16825.6,0.7268,0
4360,2,0.6421,n/a,28969.48,5.34e-04,5.34e-05,16850.9,0.7268,0
4370,2,0.6198,n/a,20279.62,5.32e-04,5.32e-05,16876.1,0.7268,0
4380,2,0.6252,n/a,22109.21,5.30e-04,5.30e-05,16901.3,0.7268,0
4390,2,0.7178,n/a,97207.77,5.29e-04,5.29e-05,16926.9,0.7268,0
4400,2,0.6890,0.7266,61363.98,5.27e-04,5.27e-05,17025.2,0.7266,0
4410,2,0.7728,n/a,234401.00,5.25e-04,5.25e-05,17052.7,0.7266,0
4420,2,0.8264,n/a,552707.29,5.24e-04,5.24e-05,17078.4,0.7266,0
4430,2,0.8326,n/a,610327.04,5.22e-04,5.22e-05,17103.9,0.7266,0
4440,2,0.7190,n/a,99053.71,5.20e-04,5.20e-05,17128.9,0.7266,0
4450,2,0.6425,n/a,29154.36,5.19e-04,5.19e-05,17153.3,0.7266,0
4460,2,0.5570,n/a,7424.33,5.17e-04,5.17e-05,17177.9,0.7266,0
4470,2,0.6714,n/a,46294.30,5.15e-04,5.15e-05,17203.2,0.7266,0
4480,2,0.5919,n/a,12966.31,5.14e-04,5.14e-05,17228.3,0.7266,0
4490,2,0.7443,n/a,148590.32,5.12e-04,5.12e-05,17254.2,0.7266,0
4500,2,0.6193,0.7264,20105.29,5.10e-04,5.10e-05,17352.4,0.7264,0
4510,2,0.6791,n/a,52354.57,5.08e-04,5.08e-05,17378.4,0.7264,0
4520,2,0.7043,n/a,78300.34,5.07e-04,5.07e-05,17403.1,0.7264,0
4530,2,0.7751,n/a,243322.53,5.05e-04,5.05e-05,17428.6,0.7264,0
4540,2,0.6268,n/a,22662.02,5.03e-04,5.03e-05,17453.7,0.7264,0
4550,2,0.5562,n/a,7323.90,5.02e-04,5.02e-05,17478.9,0.7264,0
4560,2,0.6817,n/a,54578.91,5.00e-04,5.00e-05,17503.5,0.7264,0
4570,2,0.7313,n/a,120659.25,4.98e-04,4.98e-05,17529.0,0.7264,0
4580,2,0.8690,n/a,1092990.55,4.97e-04,4.97e-05,17553.8,0.7264,0
4590,2,0.7457,n/a,151834.81,4.95e-04,4.95e-05,17579.8,0.7264,0
4600,2,0.5447,0.7263,6099.16,4.93e-04,4.93e-05,17678.9,0.7263,0
4610,2,0.5667,n/a,8663.14,4.92e-04,4.92e-05,17707.2,0.7263,0
4620,2,0.6564,n/a,36380.74,4.90e-04,4.90e-05,17733.1,0.7263,0
4630,2,0.6166,n/a,19260.61,4.88e-04,4.88e-05,17758.0,0.7263,0
4640,2,0.7671,n/a,214122.03,4.87e-04,4.87e-05,17782.9,0.7263,0
4650,2,0.7468,n/a,154669.12,4.85e-04,4.85e-05,17807.8,0.7263,0
4660,2,0.6009,n/a,14981.41,4.83e-04,4.83e-05,17832.7,0.7263,0
4670,2,0.7712,n/a,228609.49,4.82e-04,4.82e-05,17858.1,0.7263,0
4680,2,0.6877,n/a,60056.09,4.80e-04,4.80e-05,17883.6,0.7263,0
4690,2,0.7106,n/a,86584.68,4.78e-04,4.78e-05,17909.2,0.7263,0
4700,2,0.7401,0.7261,139001.09,4.77e-04,4.77e-05,18008.3,0.7261,0
4710,2,0.8483,n/a,783911.33,4.75e-04,4.75e-05,18033.2,0.7261,0
4720,2,0.6821,n/a,54900.95,4.73e-04,4.73e-05,18058.9,0.7261,0
4730,2,0.6877,n/a,60045.51,4.71e-04,4.71e-05,18084.9,0.7261,0
4740,2,0.6314,n/a,24412.85,4.70e-04,4.70e-05,18110.0,0.7261,0
4750,2,0.6733,n/a,47700.93,4.68e-04,4.68e-05,18135.4,0.7261,0
4760,2,0.5549,n/a,7179.18,4.66e-04,4.66e-05,18161.1,0.7261,0
4770,2,0.6253,n/a,22117.05,4.65e-04,4.65e-05,18186.3,0.7261,0
4780,2,0.7293,n/a,116847.77,4.63e-04,4.63e-05,18211.3,0.7261,0
4790,2,0.7890,n/a,303634.30,4.61e-04,4.61e-05,18236.1,0.7261,0
4800,2,0.7500,0.7261,162880.47,4.60e-04,4.60e-05,18334.6,0.7261,0
4810,2,0.7536,n/a,172410.86,4.58e-04,4.58e-05,18361.9,0.7261,0
4820,2,0.8533,n/a,850067.28,4.56e-04,4.56e-05,18387.0,0.7261,0
4830,2,0.7447,n/a,149589.44,4.55e-04,4.55e-05,18412.9,0.7261,0
4840,2,0.7334,n/a,124811.71,4.53e-04,4.53e-05,18438.6,0.7261,0
4850,2,0.7185,n/a,98347.64,4.52e-04,4.52e-05,18463.8,0.7261,0
4860,2,0.6699,n/a,45165.21,4.50e-04,4.50e-05,18489.4,0.7261,0
4870,2,0.7989,n/a,355827.18,4.48e-04,4.48e-05,18514.7,0.7261,0
4880,2,0.6516,n/a,33699.39,4.47e-04,4.47e-05,18540.0,0.7261,0
4890,2,0.5669,n/a,8696.68,4.45e-04,4.45e-05,18565.7,0.7261,0
4900,2,0.6461,0.7259,30881.90,4.43e-04,4.43e-05,18664.6,0.7259,0
4910,2,0.7014,n/a,74844.99,4.42e-04,4.42e-05,18690.6,0.7259,0
4920,2,0.7353,n/a,128615.37,4.40e-04,4.40e-05,18716.4,0.7259,0
4930,2,0.7631,n/a,200696.60,4.38e-04,4.38e-05,18741.7,0.7259,0
4940,2,0.6008,n/a,14954.52,4.37e-04,4.37e-05,18767.7,0.7259,0
4950,2,0.6881,n/a,60493.83,4.35e-04,4.35e-05,18793.2,0.7259,0
4960,2,0.6335,n/a,25248.10,4.33e-04,4.33e-05,18818.6,0.7259,0
4970,2,0.6804,n/a,53420.73,4.32e-04,4.32e-05,18844.2,0.7259,0
4980,2,0.7242,n/a,107663.41,4.30e-04,4.30e-05,18869.0,0.7259,0
4990,2,0.6346,n/a,25673.56,4.28e-04,4.28e-05,18894.3,0.7259,0
5000,2,0.6402,0.7258,28091.68,4.27e-04,4.27e-05,18993.3,0.7258,0
5010,2,0.9001,n/a,1797566.40,4.25e-04,4.25e-05,19620.2,0.7258,0
5020,2,0.5978,n/a,14258.99,4.24e-04,4.24e-05,19645.0,0.7258,0
5030,2,0.6810,n/a,53941.39,4.22e-04,4.22e-05,19669.4,0.7258,0
5040,2,0.7617,n/a,196156.26,4.20e-04,4.20e-05,19695.1,0.7258,0
5050,2,0.7313,n/a,120757.80,4.19e-04,4.19e-05,19720.8,0.7258,0
5060,2,0.7045,n/a,78592.73,4.17e-04,4.17e-05,19745.8,0.7258,0
5070,2,0.6396,n/a,27836.64,4.15e-04,4.15e-05,19770.7,0.7258,0
5080,2,0.8341,n/a,624960.70,4.14e-04,4.14e-05,19796.0,0.7258,0
5090,2,0.6499,n/a,32806.99,4.12e-04,4.12e-05,19821.2,0.7258,0
5100,2,0.7776,0.7258,253240.43,4.11e-04,4.11e-05,19920.1,0.7258,0
5110,2,0.6444,n/a,30032.75,4.09e-04,4.09e-05,19945.2,0.7258,0
5120,2,0.6701,n/a,45288.94,4.07e-04,4.07e-05,19969.9,0.7258,0
5130,2,0.6733,n/a,47734.40,4.06e-04,4.06e-05,19994.1,0.7258,0
5140,2,0.7075,n/a,82506.11,4.04e-04,4.04e-05,20019.3,0.7258,0
5150,2,0.8284,n/a,570622.32,4.03e-04,4.03e-05,20044.4,0.7258,0
5160,2,0.8489,n/a,792227.21,4.01e-04,4.01e-05,20069.7,0.7258,0
5170,2,0.6565,n/a,36448.05,3.99e-04,3.99e-05,20095.6,0.7258,0
5180,2,0.6673,n/a,43357.11,3.98e-04,3.98e-05,20121.1,0.7258,0
5190,2,0.6271,n/a,22775.51,3.96e-04,3.96e-05,20145.6,0.7258,0
5200,2,0.6723,0.7257,46970.00,3.95e-04,3.95e-05,20245.0,0.7257,0
5210,2,0.6602,n/a,38710.69,3.93e-04,3.93e-05,20272.0,0.7257,0
5220,2,0.6884,n/a,60772.58,3.91e-04,3.91e-05,20296.6,0.7257,0
5230,2,0.6290,n/a,23499.71,3.90e-04,3.90e-05,20321.7,0.7257,0
5240,2,0.5537,n/a,7038.30,3.88e-04,3.88e-05,20346.5,0.7257,0
5250,2,0.7733,n/a,236137.68,3.87e-04,3.87e-05,20371.6,0.7257,0
5260,2,0.6365,n/a,26492.31,3.85e-04,3.85e-05,20397.2,0.7257,0
5270,2,0.6462,n/a,30900.71,3.83e-04,3.83e-05,20422.5,0.7257,0
5280,2,0.5885,n/a,12277.48,3.82e-04,3.82e-05,20447.5,0.7257,0
5290,2,0.7520,n/a,168152.99,3.80e-04,3.80e-05,20472.3,0.7257,0
5300,2,0.6446,0.7257,30158.82,3.79e-04,3.79e-05,20570.2,0.7257,0
5310,2,0.8931,n/a,1607775.57,3.77e-04,3.77e-05,20595.2,0.7257,0
5320,2,0.7774,n/a,252156.22,3.76e-04,3.76e-05,20620.8,0.7257,0
5330,2,0.7708,n/a,227054.56,3.74e-04,3.74e-05,20645.9,0.7257,0
5340,2,0.7594,n/a,189090.46,3.73e-04,3.73e-05,20671.4,0.7257,0
5350,2,0.7227,n/a,105163.32,3.71e-04,3.71e-05,20696.7,0.7257,0
5360,2,0.6753,n/a,49266.75,3.69e-04,3.69e-05,20722.2,0.7257,0
5370,2,0.6126,n/a,18074.06,3.68e-04,3.68e-05,20746.9,0.7257,0
5380,2,0.5920,n/a,12986.81,3.66e-04,3.66e-05,20771.9,0.7257,0
5390,2,0.7366,n/a,131366.18,3.65e-04,3.65e-05,20797.3,0.7257,0
5400,2,0.7382,0.7256,134797.01,3.63e-04,3.63e-05,20896.4,0.7256,0
5410,2,0.6831,n/a,55821.21,3.62e-04,3.62e-05,20923.6,0.7256,0
5420,2,0.7043,n/a,78362.00,3.60e-04,3.60e-05,20948.7,0.7256,0
5430,2,0.8244,n/a,535110.23,3.59e-04,3.59e-05,20973.7,0.7256,0
5440,2,0.5800,n/a,10717.86,3.57e-04,3.57e-05,20998.9,0.7256,0
5450,2,0.6710,n/a,45999.30,3.56e-04,3.56e-05,21024.3,0.7256,0
5460,2,0.5347,n/a,5190.38,3.54e-04,3.54e-05,21049.9,0.7256,0
5470,2,0.7422,n/a,143705.54,3.52e-04,3.52e-05,21075.1,0.7256,0
5480,2,0.6643,n/a,41292.91,3.51e-04,3.51e-05,21101.3,0.7256,0
5490,2,0.7019,n/a,75429.93,3.49e-04,3.49e-05,21126.6,0.7256,0
5500,2,0.7304,0.7255,118950.40,3.48e-04,3.48e-05,21225.8,0.7255,0
5510,2,0.7697,n/a,223164.80,3.46e-04,3.46e-05,21251.5,0.7255,0
5520,2,0.8149,n/a,459509.28,3.45e-04,3.45e-05,21277.3,0.7255,0
5530,2,0.7745,n/a,240938.75,3.43e-04,3.43e-05,21302.7,0.7255,0
5540,2,0.6853,n/a,57766.19,3.42e-04,3.42e-05,21328.4,0.7255,0
5550,2,0.6476,n/a,31638.52,3.40e-04,3.40e-05,21354.2,0.7255,0
5560,2,0.6399,n/a,27975.23,3.39e-04,3.39e-05,21379.4,0.7255,0
5570,2,0.8477,n/a,776679.41,3.37e-04,3.37e-05,21404.7,0.7255,0
5580,2,0.6876,n/a,59932.33,3.36e-04,3.36e-05,21430.1,0.7255,0
5590,2,0.8280,n/a,566524.86,3.34e-04,3.34e-05,21454.9,0.7255,0
5600,2,0.5363,0.7255,5324.29,3.33e-04,3.33e-05,21554.4,0.7255,0
5610,2,0.6696,n/a,44933.89,3.31e-04,3.31e-05,21581.3,0.7255,0
5620,3,0.6321,n/a,24671.09,3.30e-04,3.30e-05,21681.4,0.7254,0
5630,3,0.6554,n/a,35808.04,3.28e-04,3.28e-05,21706.0,0.7254,0
5640,3,0.5500,n/a,6631.29,3.27e-04,3.27e-05,21731.6,0.7254,0
5650,3,0.7174,n/a,96651.37,3.25e-04,3.25e-05,21758.2,0.7254,0
5660,3,0.6194,n/a,20129.78,3.24e-04,3.24e-05,21783.2,0.7254,0
5670,3,0.6698,n/a,45122.48,3.23e-04,3.23e-05,21808.9,0.7254,0
5680,3,0.7049,n/a,79120.72,3.21e-04,3.21e-05,21834.8,0.7254,0
5690,3,0.7273,n/a,113178.89,3.20e-04,3.20e-05,21859.7,0.7254,0
5700,3,0.6616,0.7255,39582.26,3.18e-04,3.18e-05,21958.0,0.7254,0
5710,3,0.7122,n/a,88831.81,3.17e-04,3.17e-05,21983.3,0.7254,0
5720,3,0.7852,n/a,285740.53,3.15e-04,3.15e-05,22009.1,0.7254,0
5730,3,0.5076,n/a,3364.65,3.14e-04,3.14e-05,22034.0,0.7254,0
5740,3,0.6879,n/a,60218.47,3.12e-04,3.12e-05,22059.1,0.7254,0
5750,3,0.6439,n/a,29809.62,3.11e-04,3.11e-05,22084.1,0.7254,0
5760,3,0.6245,n/a,21857.23,3.10e-04,3.10e-05,22109.5,0.7254,0
5770,3,0.7235,n/a,106578.94,3.08e-04,3.08e-05,22134.7,0.7254,0
5780,3,0.8906,n/a,1543534.44,3.07e-04,3.07e-05,22160.2,0.7254,0
5790,3,0.6511,n/a,33451.20,3.05e-04,3.05e-05,22184.7,0.7254,0
5800,3,0.6434,0.7254,29585.94,3.04e-04,3.04e-05,22284.0,0.7254,0
5810,3,0.7905,n/a,310927.77,3.02e-04,3.02e-05,22312.6,0.7254,0
5820,3,0.6402,n/a,28081.85,3.01e-04,3.01e-05,22337.6,0.7254,0
5830,3,0.6755,n/a,49407.01,3.00e-04,3.00e-05,22363.3,0.7254,0
5840,3,0.7223,n/a,104493.76,2.98e-04,2.98e-05,22389.1,0.7254,0
5850,3,0.6175,n/a,19548.35,2.97e-04,2.97e-05,22414.1,0.7254,0
5860,3,0.6414,n/a,28647.67,2.95e-04,2.95e-05,22439.6,0.7254,0
5870,3,0.6769,n/a,50512.28,2.94e-04,2.94e-05,22464.4,0.7254,0
5880,3,0.6262,n/a,22441.38,2.93e-04,2.93e-05,22489.9,0.7254,0
5890,3,0.6805,n/a,53546.71,2.91e-04,2.91e-05,22515.0,0.7254,0
5900,3,0.6787,0.7254,51969.37,2.90e-04,2.90e-05,22613.8,0.7254,0
5910,3,0.6565,n/a,36489.28,2.88e-04,2.88e-05,22639.6,0.7254,0
5920,3,0.5089,n/a,3439.27,2.87e-04,2.87e-05,22665.4,0.7254,0
5930,3,0.9353,n/a,3154116.94,2.86e-04,2.86e-05,22690.3,0.7254,0
5940,3,0.6064,n/a,16360.62,2.84e-04,2.84e-05,22716.1,0.7254,0
5950,3,0.5526,n/a,6913.99,2.83e-04,2.83e-05,22742.2,0.7254,0
5960,3,0.7562,n/a,179645.51,2.82e-04,2.82e-05,22768.1,0.7254,0
5970,3,0.7410,n/a,141017.94,2.80e-04,2.80e-05,22793.7,0.7254,0
5980,3,0.8207,n/a,504505.82,2.79e-04,2.79e-05,22819.0,0.7254,0
5990,3,0.7107,n/a,86853.81,2.77e-04,2.77e-05,22844.2,0.7254,0
6000,3,0.7730,0.7254,235224.20,2.76e-04,2.76e-05,22943.1,0.7254,0
6010,3,0.7362,n/a,130445.77,2.75e-04,2.75e-05,23571.4,0.7254,0
6020,3,0.4775,n/a,2078.81,2.73e-04,2.73e-05,23596.2,0.7254,0
6030,3,0.7527,n/a,170046.80,2.72e-04,2.72e-05,23622.0,0.7254,0
6040,3,0.8148,n/a,459276.74,2.71e-04,2.71e-05,23648.0,0.7254,0
6050,3,0.7788,n/a,258118.63,2.69e-04,2.69e-05,23673.0,0.7254,0
6060,3,0.7443,n/a,148557.28,2.68e-04,2.68e-05,23697.7,0.7254,0
6070,3,0.6837,n/a,56316.41,2.67e-04,2.67e-05,23722.3,0.7254,0
6080,3,0.8198,n/a,496883.10,2.65e-04,2.65e-05,23747.1,0.7254,0
6090,3,0.7556,n/a,177977.21,2.64e-04,2.64e-05,23771.6,0.7254,0
6100,3,0.7280,0.7254,114508.93,2.63e-04,2.63e-05,23870.1,0.7254,0
6110,3,0.6685,n/a,44208.87,2.62e-04,2.62e-05,23895.0,0.7254,0
6120,3,0.6324,n/a,24807.00,2.60e-04,2.60e-05,23919.4,0.7254,0
6130,3,0.6975,n/a,70264.26,2.59e-04,2.59e-05,23945.0,0.7254,0
6140,3,0.6523,n/a,34101.69,2.58e-04,2.58e-05,23969.7,0.7254,0
6150,3,0.7254,n/a,109867.71,2.56e-04,2.56e-05,23994.5,0.7254,0
6160,3,0.7399,n/a,138459.43,2.55e-04,2.55e-05,24020.4,0.7254,0
6170,3,0.7546,n/a,175207.93,2.54e-04,2.54e-05,24046.3,0.7254,0
6180,3,0.7560,n/a,179095.49,2.53e-04,2.53e-05,24071.3,0.7254,0
6190,3,0.8022,n/a,375330.96,2.51e-04,2.51e-05,24096.5,0.7254,0
6200,3,0.7050,0.7254,79195.71,2.50e-04,2.50e-05,24194.9,0.7254,0
6210,3,0.7624,n/a,198471.57,2.49e-04,2.49e-05,24222.4,0.7254,0
6220,3,0.5335,n/a,5092.10,2.47e-04,2.47e-05,24247.4,0.7254,0
6230,3,0.7115,n/a,87856.33,2.46e-04,2.46e-05,24272.3,0.7254,0
6240,3,0.6001,n/a,14799.04,2.45e-04,2.45e-05,24298.1,0.7254,0
6250,3,0.6895,n/a,61861.96,2.44e-04,2.44e-05,24323.3,0.7254,0
6260,3,0.7510,n/a,165380.76,2.42e-04,2.42e-05,24347.7,0.7254,0
6270,3,0.6636,n/a,40836.93,2.41e-04,2.41e-05,24373.0,0.7254,0
6280,3,0.7412,n/a,141480.75,2.40e-04,2.40e-05,24399.0,0.7254,0
6290,3,0.7097,n/a,85340.89,2.39e-04,2.39e-05,24424.5,0.7254,0
6300,3,0.6062,0.7254,16294.77,2.38e-04,2.38e-05,24523.4,0.7254,0
6310,3,0.6501,n/a,32894.65,2.36e-04,2.36e-05,24548.2,0.7254,0
6320,3,0.6257,n/a,22263.47,2.35e-04,2.35e-05,24573.6,0.7254,0
6330,3,0.6265,n/a,22571.69,2.34e-04,2.34e-05,24598.7,0.7254,0
6340,3,0.6184,n/a,19803.67,2.33e-04,2.33e-05,24623.1,0.7254,0
6350,3,0.7538,n/a,172920.63,2.32e-04,2.32e-05,24649.5,0.7254,0
6360,3,0.6816,n/a,54504.96,2.30e-04,2.30e-05,24674.3,0.7254,0
6370,3,0.7191,n/a,99290.19,2.29e-04,2.29e-05,24698.8,0.7254,0
6380,3,0.6939,n/a,66371.54,2.28e-04,2.28e-05,24723.8,0.7254,0
6390,3,0.5879,n/a,12171.83,2.27e-04,2.27e-05,24749.7,0.7254,0
6400,3,0.7641,0.7253,203934.73,2.26e-04,2.26e-05,24849.8,0.7253,0
6410,3,0.7307,n/a,119500.10,2.24e-04,2.24e-05,24877.4,0.7253,0
6420,3,0.5844,n/a,11497.77,2.23e-04,2.23e-05,24902.5,0.7253,0
6430,3,0.7010,n/a,74272.41,2.22e-04,2.22e-05,24927.4,0.7253,0
6440,3,0.7096,n/a,85312.33,2.21e-04,2.21e-05,24952.0,0.7253,0
6450,3,0.7007,n/a,73916.60,2.20e-04,2.20e-05,24978.3,0.7253,0
6460,3,0.5989,n/a,14515.48,2.19e-04,2.19e-05,25003.6,0.7253,0
6470,3,0.6806,n/a,53650.75,2.17e-04,2.17e-05,25029.3,0.7253,0
6480,3,0.7572,n/a,182542.76,2.16e-04,2.16e-05,25054.8,0.7253,0
6490,3,0.6375,n/a,26922.31,2.15e-04,2.15e-05,25080.2,0.7253,0
6500,3,0.7522,0.7254,168682.58,2.14e-04,2.14e-05,25179.0,0.7253,0
6510,3,0.7522,n/a,168499.90,2.13e-04,2.13e-05,25204.7,0.7253,0
6520,3,0.7147,n/a,92497.63,2.12e-04,2.12e-05,25229.6,0.7253,0
6530,3,0.6811,n/a,54012.95,2.11e-04,2.11e-05,25254.2,0.7253,0
6540,3,0.6963,n/a,68973.76,2.10e-04,2.10e-05,25279.8,0.7253,0
6550,3,0.6394,n/a,27747.40,2.08e-04,2.08e-05,25305.6,0.7253,0
6560,3,0.7802,n/a,263724.70,2.07e-04,2.07e-05,25330.6,0.7253,0
6570,3,0.6654,n/a,42072.96,2.06e-04,2.06e-05,25356.3,0.7253,0
6580,3,0.6213,n/a,20755.06,2.05e-04,2.05e-05,25381.7,0.7253,0
6590,3,0.6548,n/a,35495.86,2.04e-04,2.04e-05,25406.6,0.7253,0
6600,3,0.7041,0.7253,78051.54,2.03e-04,2.03e-05,25505.6,0.7253,0
6610,3,0.6999,n/a,72984.58,2.02e-04,2.02e-05,25533.4,0.7253,0
6620,3,0.8305,n/a,589684.87,2.01e-04,2.01e-05,25558.9,0.7253,0
6630,3,0.7601,n/a,191339.25,2.00e-04,2.00e-05,25584.4,0.7253,0
6640,3,0.5942,n/a,13455.97,1.99e-04,1.99e-05,25610.0,0.7253,0
6650,3,0.7126,n/a,89531.04,1.98e-04,1.98e-05,25634.6,0.7253,0
6660,3,0.6482,n/a,31919.44,1.97e-04,1.97e-05,25659.6,0.7253,0
6670,3,0.8085,n/a,414943.22,1.96e-04,1.96e-05,25685.7,0.7253,0
6680,3,0.7555,n/a,177662.81,1.95e-04,1.95e-05,25711.4,0.7253,0
6690,3,0.6013,n/a,15070.71,1.93e-04,1.93e-05,25736.6,0.7253,0
6700,3,0.7646,0.7252,205449.23,1.92e-04,1.92e-05,25835.2,0.7252,0
6710,3,0.6247,n/a,21905.91,1.91e-04,1.91e-05,25860.6,0.7252,0
6720,3,0.6051,n/a,16013.80,1.90e-04,1.90e-05,25886.3,0.7252,0
6730,3,0.6746,n/a,48726.78,1.89e-04,1.89e-05,25911.6,0.7252,0
6740,3,0.7669,n/a,213272.89,1.88e-04,1.88e-05,25937.3,0.7252,0
6750,3,0.7281,n/a,114641.35,1.87e-04,1.87e-05,25963.1,0.7252,0
6760,3,0.5825,n/a,11159.50,1.86e-04,1.86e-05,25988.1,0.7252,0
6770,3,0.7686,n/a,219279.96,1.85e-04,1.85e-05,26014.0,0.7252,0
6780,3,0.7981,n/a,351163.22,1.84e-04,1.84e-05,26039.1,0.7252,0
6790,3,0.7350,n/a,128016.86,1.83e-04,1.83e-05,26064.6,0.7252,0
6800,3,0.7200,0.7253,100714.86,1.82e-04,1.82e-05,26162.6,0.7252,0
6810,3,0.6599,n/a,38514.55,1.81e-04,1.81e-05,26189.5,0.7252,0
6820,3,0.7191,n/a,99275.13,1.80e-04,1.80e-05,26215.1,0.7252,0
6830,3,0.8024,n/a,376128.97,1.79e-04,1.79e-05,26240.1,0.7252,0
6840,3,0.7251,n/a,109312.80,1.79e-04,1.79e-05,26265.3,0.7252,0
6850,3,0.6086,n/a,16930.66,1.78e-04,1.78e-05,26289.8,0.7252,0
6860,3,0.6717,n/a,46464.88,1.77e-04,1.77e-05,26315.1,0.7252,0
6870,3,0.7507,n/a,164593.72,1.76e-04,1.76e-05,26341.1,0.7252,0
6880,3,0.7382,n/a,134738.02,1.75e-04,1.75e-05,26365.9,0.7252,0
6890,3,0.7359,n/a,129932.91,1.74e-04,1.74e-05,26390.7,0.7252,0
6900,3,0.7199,0.7253,100524.85,1.73e-04,1.73e-05,26489.1,0.7252,0
6910,3,0.7122,n/a,88928.73,1.72e-04,1.72e-05,26513.7,0.7252,0
6920,3,0.6221,n/a,21044.02,1.71e-04,1.71e-05,26538.4,0.7252,0
6930,3,0.7245,n/a,108226.84,1.70e-04,1.70e-05,26565.0,0.7252,0
6940,3,0.7526,n/a,169713.37,1.69e-04,1.69e-05,26590.9,0.7252,0
6950,3,0.7092,n/a,84755.41,1.68e-04,1.68e-05,26616.4,0.7252,0
6960,3,0.7113,n/a,87680.79,1.67e-04,1.67e-05,26641.7,0.7252,0
6970,3,0.7429,n/a,145266.64,1.67e-04,1.67e-05,26667.6,0.7252,0
6980,3,0.6770,n/a,50597.42,1.66e-04,1.66e-05,26692.1,0.7252,0
6990,3,0.7510,n/a,165488.26,1.65e-04,1.65e-05,26717.1,0.7252,0
7000,3,0.6801,0.7253,53185.38,1.64e-04,1.64e-05,26816.9,0.7252,0
7010,3,0.6343,n/a,25543.92,1.63e-04,1.63e-05,27443.8,0.7252,0
7020,3,0.5683,n/a,8897.09,1.62e-04,1.62e-05,27468.6,0.7252,0
7030,3,0.6770,n/a,50652.68,1.61e-04,1.61e-05,27493.6,0.7252,0
7040,3,0.7648,n/a,206257.91,1.60e-04,1.60e-05,27518.7,0.7252,0
7050,3,0.7227,n/a,105239.24,1.60e-04,1.60e-05,27543.8,0.7252,0
7060,3,0.6687,n/a,44289.27,1.59e-04,1.59e-05,27569.1,0.7252,0
7070,3,0.6788,n/a,52072.49,1.58e-04,1.58e-05,27594.7,0.7252,0
7080,3,0.6115,n/a,17745.71,1.57e-04,1.57e-05,27620.0,0.7252,0
7090,3,0.7254,n/a,109779.60,1.56e-04,1.56e-05,27645.8,0.7252,0
7100,3,0.6230,0.7252,21330.96,1.55e-04,1.55e-05,27744.7,0.7252,0
7110,3,0.7112,n/a,87538.12,1.55e-04,1.55e-05,27770.3,0.7252,0
7120,3,0.7918,n/a,317811.61,1.54e-04,1.54e-05,27794.9,0.7252,0
7130,3,0.6721,n/a,46787.66,1.53e-04,1.53e-05,27819.8,0.7252,0
7140,3,0.6386,n/a,27366.46,1.52e-04,1.52e-05,27845.2,0.7252,0
7150,3,0.6245,n/a,21851.06,1.51e-04,1.51e-05,27871.0,0.7252,0
7160,3,0.8842,n/a,1392960.34,1.51e-04,1.51e-05,27896.1,0.7252,0
7170,3,0.6968,n/a,69482.78,1.50e-04,1.50e-05,27920.9,0.7252,0
7180,3,0.6259,n/a,22353.64,1.49e-04,1.49e-05,27946.3,0.7252,0
7190,3,0.7485,n/a,158897.63,1.48e-04,1.48e-05,27971.4,0.7252,0
7200,3,0.8225,0.7253,519256.88,1.48e-04,1.48e-05,28069.8,0.7252,0
7210,3,0.6539,n/a,34984.14,1.47e-04,1.47e-05,28097.4,0.7252,0
7220,3,0.7446,n/a,149394.32,1.46e-04,1.46e-05,28122.9,0.7252,0
7230,3,0.6171,n/a,19403.89,1.45e-04,1.45e-05,28147.7,0.7252,0
7240,3,0.7295,n/a,117259.27,1.45e-04,1.45e-05,28172.1,0.7252,0
7250,3,0.7160,n/a,94443.69,1.44e-04,1.44e-05,28197.9,0.7252,0
7260,3,0.7293,n/a,116948.69,1.43e-04,1.43e-05,28222.7,0.7252,0
7270,3,0.6076,n/a,16670.32,1.42e-04,1.42e-05,28247.0,0.7252,0
7280,3,0.6624,n/a,40101.20,1.42e-04,1.42e-05,28272.1,0.7252,0
7290,3,0.6649,n/a,41700.46,1.41e-04,1.41e-05,28297.8,0.7252,0
7300,3,0.4783,0.7253,2105.27,1.40e-04,1.40e-05,28396.4,0.7252,0
7310,3,0.6498,n/a,32754.66,1.40e-04,1.40e-05,28421.1,0.7252,0
7320,3,0.8594,n/a,936426.55,1.39e-04,1.39e-05,28446.7,0.7252,0
7330,3,0.5928,n/a,13151.53,1.38e-04,1.38e-05,28471.8,0.7252,0
7340,3,0.8353,n/a,637102.49,1.37e-04,1.37e-05,28498.1,0.7252,0
7350,3,0.8279,n/a,565589.63,1.37e-04,1.37e-05,28523.8,0.7252,0
7360,3,0.7885,n/a,301315.41,1.36e-04,1.36e-05,28548.9,0.7252,0
7370,3,0.7409,n/a,140812.91,1.35e-04,1.35e-05,28573.8,0.7252,0
7380,3,0.7500,n/a,162806.64,1.35e-04,1.35e-05,28598.5,0.7252,0
7390,3,0.7371,n/a,132298.41,1.34e-04,1.34e-05,28624.8,0.7252,0
7400,3,0.7235,0.7253,106537.18,1.34e-04,1.34e-05,28722.8,0.7252,0
7410,3,0.7492,n/a,160683.18,1.33e-04,1.33e-05,28750.4,0.7252,0
7420,3,0.6040,n/a,15737.69,1.32e-04,1.32e-05,28775.6,0.7252,0
7430,3,0.7696,n/a,222709.50,1.32e-04,1.32e-05,28801.6,0.7252,0
7440,3,0.6149,n/a,18741.77,1.31e-04,1.31e-05,28826.7,0.7252,0
7450,3,0.6529,n/a,34394.32,1.30e-04,1.30e-05,28852.7,0.7252,0
7460,3,0.7080,n/a,83070.32,1.30e-04,1.30e-05,28877.9,0.7252,0
7470,3,0.6377,n/a,26973.22,1.29e-04,1.29e-05,28903.4,0.7252,0
7480,3,0.5186,n/a,4011.42,1.29e-04,1.29e-05,28927.8,0.7252,0
7490,3,0.7755,n/a,244798.91,1.28e-04,1.28e-05,28953.3,0.7252,0
7500,3,0.7206,0.7252,101722.44,1.27e-04,1.27e-05,29052.6,0.7252,0
7510,3,0.7241,n/a,107519.14,1.27e-04,1.27e-05,29078.5,0.7252,0
7520,3,0.6218,n/a,20936.13,1.26e-04,1.26e-05,29103.1,0.7252,0
7530,3,0.6256,n/a,22223.85,1.26e-04,1.26e-05,29128.1,0.7252,0
7540,3,0.6895,n/a,61867.62,1.25e-04,1.25e-05,29154.0,0.7252,0
7550,3,0.7887,n/a,302203.90,1.25e-04,1.25e-05,29178.9,0.7252,0
7560,3,0.7150,n/a,92928.97,1.24e-04,1.24e-05,29204.4,0.7252,0
7570,3,0.6321,n/a,24687.55,1.23e-04,1.23e-05,29229.6,0.7252,0
7580,3,0.6935,n/a,65864.04,1.23e-04,1.23e-05,29254.9,0.7252,0
7590,3,0.6941,n/a,66565.42,1.22e-04,1.22e-05,29280.4,0.7252,0
7600,3,0.6980,0.7253,70857.87,1.22e-04,1.22e-05,29379.1,0.7252,0
7610,3,0.6153,n/a,18869.21,1.21e-04,1.21e-05,29405.9,0.7252,0
7620,3,0.6432,n/a,29451.27,1.21e-04,1.21e-05,29431.9,0.7252,0
7630,3,0.6114,n/a,17729.58,1.20e-04,1.20e-05,29458.1,0.7252,0
7640,3,0.6809,n/a,53840.36,1.20e-04,1.20e-05,29483.3,0.7252,0
7650,3,0.6461,n/a,30855.20,1.19e-04,1.19e-05,29508.6,0.7252,0
7660,3,0.6571,n/a,36799.98,1.19e-04,1.19e-05,29534.0,0.7252,0
7670,3,0.6836,n/a,56265.75,1.18e-04,1.18e-05,29560.1,0.7252,0
7680,3,0.6540,n/a,35043.36,1.18e-04,1.18e-05,29585.1,0.7252,0
7690,3,0.6975,n/a,70290.94,1.17e-04,1.17e-05,29609.5,0.7252,0
7700,3,0.7053,0.7252,79548.23,1.17e-04,1.17e-05,29709.0,0.7252,0
7710,3,0.8069,n/a,404623.65,1.16e-04,1.16e-05,29734.3,0.7252,0
7720,3,0.6149,n/a,18728.79,1.16e-04,1.16e-05,29758.8,0.7252,0
7730,3,0.5480,n/a,6428.47,1.16e-04,1.16e-05,29784.2,0.7252,0
7740,3,0.6573,n/a,36930.69,1.15e-04,1.15e-05,29809.9,0.7252,0
7750,3,0.7578,n/a,184377.97,1.15e-04,1.15e-05,29835.8,0.7252,0
7760,3,0.7567,n/a,181256.05,1.14e-04,1.14e-05,29860.5,0.7252,0
7770,3,0.7253,n/a,109638.64,1.14e-04,1.14e-05,29886.5,0.7252,0
7780,3,0.6495,n/a,32603.40,1.13e-04,1.13e-05,29911.7,0.7252,0
7790,3,0.5609,n/a,7900.20,1.13e-04,1.13e-05,29937.5,0.7252,0
7800,3,0.7375,0.7252,133255.81,1.13e-04,1.13e-05,30035.8,0.7252,0
7810,3,0.7521,n/a,168262.45,1.12e-04,1.12e-05,30062.7,0.7252,0
7820,3,0.7929,n/a,323387.64,1.12e-04,1.12e-05,30087.4,0.7252,0
7830,3,0.6892,n/a,61511.57,1.11e-04,1.11e-05,30113.0,0.7252,0
7840,3,0.6368,n/a,26617.64,1.11e-04,1.11e-05,30138.0,0.7252,0
7850,3,0.8162,n/a,469048.99,1.11e-04,1.11e-05,30162.8,0.7252,0
7860,3,0.5942,n/a,13458.67,1.10e-04,1.10e-05,30188.0,0.7252,0
7870,3,0.6751,n/a,49126.39,1.10e-04,1.10e-05,30212.7,0.7252,0
7880,3,0.6522,n/a,34033.97,1.10e-04,1.10e-05,30238.1,0.7252,0
7890,3,0.7725,n/a,233177.56,1.09e-04,1.09e-05,30264.1,0.7252,0
7900,3,0.5631,0.7252,8183.31,1.09e-04,1.09e-05,30362.8,0.7252,0
7910,3,0.5435,n/a,5980.76,1.09e-04,1.09e-05,30389.1,0.7252,0
7920,3,0.6759,n/a,49705.50,1.08e-04,1.08e-05,30415.5,0.7252,0
7930,3,0.7704,n/a,225442.14,1.08e-04,1.08e-05,30441.1,0.7252,0
7940,3,0.7255,n/a,109923.29,1.08e-04,1.08e-05,30466.1,0.7252,0
7950,3,0.7162,n/a,94699.32,1.07e-04,1.07e-05,30491.4,0.7252,0
7960,3,0.8125,n/a,442142.92,1.07e-04,1.07e-05,30517.5,0.7252,0
7970,3,0.6562,n/a,36258.43,1.07e-04,1.07e-05,30543.4,0.7252,0
7980,3,0.6094,n/a,17171.10,1.06e-04,1.06e-05,30568.6,0.7252,0
7990,3,0.7534,n/a,171977.28,1.06e-04,1.06e-05,30593.7,0.7252,0
8000,3,0.7866,0.7252,292272.48,1.06e-04,1.06e-05,30692.6,0.7252,0
8010,3,0.7934,n/a,325836.14,1.06e-04,1.06e-05,31320.4,0.7252,0
8020,3,0.7856,n/a,287498.19,1.05e-04,1.05e-05,31345.2,0.7252,0
8030,3,0.5501,n/a,6648.57,1.05e-04,1.05e-05,31369.2,0.7252,0
8040,3,0.7010,n/a,74323.19,1.05e-04,1.05e-05,31393.8,0.7252,0
8050,3,0.6712,n/a,46107.66,1.05e-04,1.05e-05,31418.3,0.7252,0
8060,3,0.7347,n/a,127380.59,1.04e-04,1.04e-05,31443.5,0.7252,0
8070,3,0.6605,n/a,38873.40,1.04e-04,1.04e-05,31468.0,0.7252,0
8080,3,0.6544,n/a,35231.22,1.04e-04,1.04e-05,31492.6,0.7252,0
8090,3,0.6383,n/a,27235.85,1.04e-04,1.04e-05,31518.1,0.7252,0
8100,3,0.5811,0.7252,10904.22,1.03e-04,1.03e-05,31616.4,0.7252,0
8110,3,0.6749,n/a,48921.69,1.03e-04,1.03e-05,31640.5,0.7252,0
8120,3,0.7636,n/a,202411.63,1.03e-04,1.03e-05,31665.9,0.7252,0
8130,3,0.7131,n/a,90201.06,1.03e-04,1.03e-05,31690.6,0.7252,0
8140,3,0.6175,n/a,19523.18,1.03e-04,1.03e-05,31716.4,0.7252,0
8150,3,0.7023,n/a,75843.91,1.03e-04,1.03e-05,31740.6,0.7252,0
8160,3,0.6821,n/a,54941.54,1.02e-04,1.02e-05,31765.3,0.7252,0
8170,3,0.6740,n/a,48248.06,1.02e-04,1.02e-05,31790.2,0.7252,0
8180,3,0.7354,n/a,128931.21,1.02e-04,1.02e-05,31815.7,0.7252,0
8190,3,0.6557,n/a,35995.25,1.02e-04,1.02e-05,31840.8,0.7252,0
8200,3,0.5704,0.7252,9190.61,1.02e-04,1.02e-05,31939.1,0.7252,0
8210,3,0.6834,n/a,56115.09,1.02e-04,1.02e-05,31966.8,0.7252,0
8220,3,0.7351,n/a,128167.13,1.01e-04,1.01e-05,31991.7,0.7252,0
8230,3,0.6758,n/a,49652.11,1.01e-04,1.01e-05,32017.4,0.7252,0
8240,3,0.5234,n/a,4336.05,1.01e-04,1.01e-05,32043.1,0.7252,0
8250,3,0.7091,n/a,84546.88,1.01e-04,1.01e-05,32068.4,0.7252,0
8260,3,0.7723,n/a,232413.88,1.01e-04,1.01e-05,32093.2,0.7252,0
8270,3,0.6998,n/a,72884.36,1.01e-04,1.01e-05,32118.0,0.7252,0
8280,3,0.7516,n/a,167103.82,1.01e-04,1.01e-05,32144.0,0.7252,0
8290,3,0.8143,n/a,455627.92,1.01e-04,1.01e-05,32170.2,0.7252,0
8300,3,0.7288,0.7252,115857.72,1.01e-04,1.01e-05,32268.1,0.7252,0
8310,3,0.8387,n/a,672881.04,1.00e-04,1.00e-05,32293.9,0.7252,0
8320,3,0.8821,n/a,1346433.68,1.00e-04,1.00e-05,32318.8,0.7252,0
8330,3,0.7504,n/a,163744.95,1.00e-04,1.00e-05,32344.1,0.7252,0
8340,3,0.5989,n/a,14499.92,1.00e-04,1.00e-05,32370.0,0.7252,0
8350,3,0.7883,n/a,300506.69,1.00e-04,1.00e-05,32395.4,0.7252,0
8360,3,0.7989,n/a,355880.20,1.00e-04,1.00e-05,32420.6,0.7252,0
8370,3,0.7139,n/a,91356.82,1.00e-04,1.00e-05,32445.7,0.7252,0
8380,3,0.6494,n/a,32534.69,1.00e-04,1.00e-05,32470.9,0.7252,0
8390,3,0.7646,n/a,205543.20,1.00e-04,1.00e-05,32496.1,0.7252,0
8400,3,0.7451,0.7253,150519.70,1.00e-04,1.00e-05,32594.3,0.7252,0
8410,3,0.7395,n/a,137509.62,1.00e-04,1.00e-05,32621.1,0.7252,0
8420,3,0.5924,n/a,13070.95,1.00e-04,1.00e-05,32645.8,0.7252,0
